{"polyfill":["/polyfill-0ed29af2d981abfeb651.js"],"app":["/app-13a73650acbd1e384bdb.js"],"component---src-pages-404-js":["/component---src-pages-404-js-f34b71cfa59c9397e521.js"],"component---src-pages-index-tsx":["/component---src-pages-index-tsx-c285d28720b337e46e17.js"],"component---src-pages-landing-page-landing-page-tsx":["/component---src-pages-landing-page-landing-page-tsx-1abd5cec0ecb32053d1c.js"],"component---src-pages-landing-page-sections-app-previews-section-tsx":["/component---src-pages-landing-page-sections-app-previews-section-tsx-fe037bfeed43a35d5f66.js"],"component---src-pages-landing-page-sections-email-section-tsx":["/component---src-pages-landing-page-sections-email-section-tsx-3c0e09a2da9de11ec39a.js"],"component---src-pages-landing-page-sections-intro-section-tsx":["/component---src-pages-landing-page-sections-intro-section-tsx-34c8c8632530b2fbaff1.js"],"component---src-pages-landing-page-sections-logo-section-tsx":["/component---src-pages-landing-page-sections-logo-section-tsx-1ff119cb936717e355c2.js"]}