{"errors":[],"warnings":["chunk styles [mini-css-extract-plugin]\nConflicting order. Following module has been added:\n * css ./node_modules/css-loader??ref--12-oneOf-0-1!./node_modules/postcss-loader/src??ref--12-oneOf-0-2!./src/components/typography/typography.module.css\ndespite it was not able to fulfill desired ordering with these modules:\n * css ./node_modules/css-loader??ref--12-oneOf-1-1!./node_modules/postcss-loader/src??ref--12-oneOf-1-2!./src/components/layout/layout.css\n   - couldn't fulfill desired order of chunk group(s) component---src-pages-index-tsx, component---src-pages-landing-page-landing-page-tsx\n   - while fulfilling desired order of chunk group(s) component---src-pages-landing-page-sections-app-previews-section-tsx","chunk styles [mini-css-extract-plugin]\nConflicting order. Following module has been added:\n * css ./node_modules/css-loader??ref--12-oneOf-1-1!./node_modules/postcss-loader/src??ref--12-oneOf-1-2!./src/components/layout/layout.css\ndespite it was not able to fulfill desired ordering with these modules:\n * css ./node_modules/css-loader??ref--12-oneOf-0-1!./node_modules/postcss-loader/src??ref--12-oneOf-0-2!./src/components/typography/typography.module.css (1)\n   - couldn't fulfill desired order of chunk group(s) component---src-pages-landing-page-sections-app-previews-section-tsx\n   - while fulfilling desired order of chunk group(s) component---src-pages-index-tsx, component---src-pages-landing-page-landing-page-tsx"],"namedChunkGroups":{"polyfill":{"chunks":[5,14],"assets":["webpack-runtime-0b948a1542c0ff7001c0.js","webpack-runtime-0b948a1542c0ff7001c0.js.map","polyfill-0ed29af2d981abfeb651.js","polyfill-0ed29af2d981abfeb651.js.map"],"children":{},"childAssets":{}},"app":{"chunks":[5,0,13,6],"assets":["webpack-runtime-0b948a1542c0ff7001c0.js","webpack-runtime-0b948a1542c0ff7001c0.js.map","styles.7452cb8ad7b178e1dfea.css","styles-89fd2ae28bdf06750a71.js","styles-89fd2ae28bdf06750a71.js.map","framework-0e8501c0599d79803b4b.js","framework-0e8501c0599d79803b4b.js.map","app-13a73650acbd1e384bdb.js","app-13a73650acbd1e384bdb.js.map"],"children":{},"childAssets":{}},"component---src-pages-404-js":{"chunks":[0,7],"assets":["styles.7452cb8ad7b178e1dfea.css","styles-89fd2ae28bdf06750a71.js","styles-89fd2ae28bdf06750a71.js.map","component---src-pages-404-js-f34b71cfa59c9397e521.js","component---src-pages-404-js-f34b71cfa59c9397e521.js.map"],"children":{},"childAssets":{}},"component---src-pages-index-tsx":{"chunks":[0,1,2,3,4,8],"assets":["styles.7452cb8ad7b178e1dfea.css","styles-89fd2ae28bdf06750a71.js","styles-89fd2ae28bdf06750a71.js.map","c904c163f829b8b4eb1c71753c94875bb519f197-a5c2b923b3e07ddc04c3.js","c904c163f829b8b4eb1c71753c94875bb519f197-a5c2b923b3e07ddc04c3.js.map","26cee1bc72914eff28641282c5ec62136fd49dcf-187abc0873734a2909d6.js","26cee1bc72914eff28641282c5ec62136fd49dcf-187abc0873734a2909d6.js.map","4cc73b07d2941b2a1bd428b056c2b50266a54cb5-c971b2bee4ffe8448ea3.js","4cc73b07d2941b2a1bd428b056c2b50266a54cb5-c971b2bee4ffe8448ea3.js.map","component---src-pages-landing-page-landing-page-tsx-1abd5cec0ecb32053d1c.js","component---src-pages-landing-page-landing-page-tsx-1abd5cec0ecb32053d1c.js.map","component---src-pages-index-tsx-c285d28720b337e46e17.js","component---src-pages-index-tsx-c285d28720b337e46e17.js.map"],"children":{},"childAssets":{}},"component---src-pages-landing-page-landing-page-tsx":{"chunks":[0,1,2,3,4],"assets":["styles.7452cb8ad7b178e1dfea.css","styles-89fd2ae28bdf06750a71.js","styles-89fd2ae28bdf06750a71.js.map","c904c163f829b8b4eb1c71753c94875bb519f197-a5c2b923b3e07ddc04c3.js","c904c163f829b8b4eb1c71753c94875bb519f197-a5c2b923b3e07ddc04c3.js.map","26cee1bc72914eff28641282c5ec62136fd49dcf-187abc0873734a2909d6.js","26cee1bc72914eff28641282c5ec62136fd49dcf-187abc0873734a2909d6.js.map","4cc73b07d2941b2a1bd428b056c2b50266a54cb5-c971b2bee4ffe8448ea3.js","4cc73b07d2941b2a1bd428b056c2b50266a54cb5-c971b2bee4ffe8448ea3.js.map","component---src-pages-landing-page-landing-page-tsx-1abd5cec0ecb32053d1c.js","component---src-pages-landing-page-landing-page-tsx-1abd5cec0ecb32053d1c.js.map"],"children":{},"childAssets":{}},"component---src-pages-landing-page-sections-app-previews-section-tsx":{"chunks":[0,1,9],"assets":["styles.7452cb8ad7b178e1dfea.css","styles-89fd2ae28bdf06750a71.js","styles-89fd2ae28bdf06750a71.js.map","c904c163f829b8b4eb1c71753c94875bb519f197-a5c2b923b3e07ddc04c3.js","c904c163f829b8b4eb1c71753c94875bb519f197-a5c2b923b3e07ddc04c3.js.map","component---src-pages-landing-page-sections-app-previews-section-tsx-fe037bfeed43a35d5f66.js","component---src-pages-landing-page-sections-app-previews-section-tsx-fe037bfeed43a35d5f66.js.map"],"children":{},"childAssets":{}},"component---src-pages-landing-page-sections-email-section-tsx":{"chunks":[10],"assets":["component---src-pages-landing-page-sections-email-section-tsx-3c0e09a2da9de11ec39a.js","component---src-pages-landing-page-sections-email-section-tsx-3c0e09a2da9de11ec39a.js.map"],"children":{},"childAssets":{}},"component---src-pages-landing-page-sections-intro-section-tsx":{"chunks":[0,2,11],"assets":["styles.7452cb8ad7b178e1dfea.css","styles-89fd2ae28bdf06750a71.js","styles-89fd2ae28bdf06750a71.js.map","26cee1bc72914eff28641282c5ec62136fd49dcf-187abc0873734a2909d6.js","26cee1bc72914eff28641282c5ec62136fd49dcf-187abc0873734a2909d6.js.map","component---src-pages-landing-page-sections-intro-section-tsx-34c8c8632530b2fbaff1.js","component---src-pages-landing-page-sections-intro-section-tsx-34c8c8632530b2fbaff1.js.map"],"children":{},"childAssets":{}},"component---src-pages-landing-page-sections-logo-section-tsx":{"chunks":[0,1,3,12],"assets":["styles.7452cb8ad7b178e1dfea.css","styles-89fd2ae28bdf06750a71.js","styles-89fd2ae28bdf06750a71.js.map","c904c163f829b8b4eb1c71753c94875bb519f197-a5c2b923b3e07ddc04c3.js","c904c163f829b8b4eb1c71753c94875bb519f197-a5c2b923b3e07ddc04c3.js.map","4cc73b07d2941b2a1bd428b056c2b50266a54cb5-c971b2bee4ffe8448ea3.js","4cc73b07d2941b2a1bd428b056c2b50266a54cb5-c971b2bee4ffe8448ea3.js.map","component---src-pages-landing-page-sections-logo-section-tsx-1ff119cb936717e355c2.js","component---src-pages-landing-page-sections-logo-section-tsx-1ff119cb936717e355c2.js.map"],"children":{},"childAssets":{}}},"assetsByChunkName":{"polyfill":["webpack-runtime-0b948a1542c0ff7001c0.js","polyfill-0ed29af2d981abfeb651.js"],"app":["webpack-runtime-0b948a1542c0ff7001c0.js","styles.7452cb8ad7b178e1dfea.css","styles-89fd2ae28bdf06750a71.js","framework-0e8501c0599d79803b4b.js","app-13a73650acbd1e384bdb.js"],"component---src-pages-404-js":["styles.7452cb8ad7b178e1dfea.css","styles-89fd2ae28bdf06750a71.js","component---src-pages-404-js-f34b71cfa59c9397e521.js"],"component---src-pages-index-tsx":["styles.7452cb8ad7b178e1dfea.css","styles-89fd2ae28bdf06750a71.js","c904c163f829b8b4eb1c71753c94875bb519f197-a5c2b923b3e07ddc04c3.js","26cee1bc72914eff28641282c5ec62136fd49dcf-187abc0873734a2909d6.js","4cc73b07d2941b2a1bd428b056c2b50266a54cb5-c971b2bee4ffe8448ea3.js","component---src-pages-landing-page-landing-page-tsx-1abd5cec0ecb32053d1c.js","component---src-pages-index-tsx-c285d28720b337e46e17.js"],"component---src-pages-landing-page-landing-page-tsx":["styles.7452cb8ad7b178e1dfea.css","styles-89fd2ae28bdf06750a71.js","c904c163f829b8b4eb1c71753c94875bb519f197-a5c2b923b3e07ddc04c3.js","26cee1bc72914eff28641282c5ec62136fd49dcf-187abc0873734a2909d6.js","4cc73b07d2941b2a1bd428b056c2b50266a54cb5-c971b2bee4ffe8448ea3.js","component---src-pages-landing-page-landing-page-tsx-1abd5cec0ecb32053d1c.js"],"component---src-pages-landing-page-sections-app-previews-section-tsx":["styles.7452cb8ad7b178e1dfea.css","styles-89fd2ae28bdf06750a71.js","c904c163f829b8b4eb1c71753c94875bb519f197-a5c2b923b3e07ddc04c3.js","component---src-pages-landing-page-sections-app-previews-section-tsx-fe037bfeed43a35d5f66.js"],"component---src-pages-landing-page-sections-email-section-tsx":["component---src-pages-landing-page-sections-email-section-tsx-3c0e09a2da9de11ec39a.js"],"component---src-pages-landing-page-sections-intro-section-tsx":["styles.7452cb8ad7b178e1dfea.css","styles-89fd2ae28bdf06750a71.js","26cee1bc72914eff28641282c5ec62136fd49dcf-187abc0873734a2909d6.js","component---src-pages-landing-page-sections-intro-section-tsx-34c8c8632530b2fbaff1.js"],"component---src-pages-landing-page-sections-logo-section-tsx":["styles.7452cb8ad7b178e1dfea.css","styles-89fd2ae28bdf06750a71.js","c904c163f829b8b4eb1c71753c94875bb519f197-a5c2b923b3e07ddc04c3.js","4cc73b07d2941b2a1bd428b056c2b50266a54cb5-c971b2bee4ffe8448ea3.js","component---src-pages-landing-page-sections-logo-section-tsx-1ff119cb936717e355c2.js"]}}